location,date,Minimum Temperature,Mean Temperature,Maximum Temperature,Mean Sea Level Pressure,Mean Dew Point,Total Precipitation,Visibility,Snow Depth,Mean Wind Speed,Maximum Sustained Wind Speed,Maximum Wind Gust
Mill%20Creek,2020-06-01,48.9,53.8,63.0,30.15,44.9,0.01,10.0,,5.64,9.21,
Mill%20Creek,2020-06-02,48.0,53.4,63.0,30.21,45.5,0.0,9.7,,5.41,10.24,
Mill%20Creek,2020-06-03,48.0,54.8,62.1,30.22,47.9,0.03,10.0,,5.06,11.39,20.83
Mill%20Creek,2020-06-04,48.9,55.0,64.9,30.12,44.8,0.0,9.9,,4.14,8.06,
Mill%20Creek,2020-06-05,48.0,54.7,64.9,29.85,46.7,0.0,9.9,,5.98,9.21,
Mill%20Creek,2020-06-06,48.0,54.4,64.0,29.77,47.4,0.06,9.7,,7.25,11.39,19.68
Mill%20Creek,2020-06-07,48.9,53.4,62.1,29.91,47.4,0.09,9.1,,4.95,9.21,
Mill%20Creek,2020-06-08,48.9,54.7,62.1,30.14,46.4,0.05,9.4,,6.1,11.39,
Mill%20Creek,2020-06-09,50.0,54.5,63.0,30.11,47.8,0.23,7.9,,11.39,21.86,31.07
Mill%20Creek,2020-06-10,50.0,60.6,71.1,30.11,54.7,0.18,9.7,,8.98,19.68,29.92
Mill%20Creek,2020-06-11,55.9,60.5,71.1,30.07,52.7,0.03,9.4,,6.56,16.11,20.83
Mill%20Creek,2020-06-12,53.1,56.6,68.0,30.01,51.4,0.13,8.4,,4.83,11.39,
Mill%20Creek,2020-06-13,50.0,53.2,59.0,29.95,49.1,0.31,9.3,,3.22,6.9,
Mill%20Creek,2020-06-14,48.2,52.8,61.0,30.00,46.8,0.57,9.1,,6.67,14.96,17.26
Mill%20Creek,2020-06-15,48.9,56.1,63.0,29.93,47.9,0.01,9.4,,7.6,17.26,21.86
Mill%20Creek,2020-06-16,50.0,54.1,63.0,30.03,47.7,0.11,9.3,,5.06,11.39,
Mill%20Creek,2020-06-17,48.9,57.5,68.0,30.24,47.1,0.05,10.0,,3.68,9.21,
Mill%20Creek,2020-06-18,48.9,58.5,71.1,30.25,50.5,0.0,10.0,,6.56,10.24,
Mill%20Creek,2020-06-19,50.0,64.0,75.0,30.03,53.0,0.0,10.0,,4.6,8.06,
Mill%20Creek,2020-06-20,54.0,65.2,75.0,29.93,55.5,0.02,10.0,,10.01,21.86,31.07
Mill%20Creek,2020-06-21,52.0,58.2,73.0,30.09,53.2,0.04,8.3,,7.83,17.26,21.86
Mill%20Creek,2020-06-22,48.9,58.7,71.1,30.22,49.3,0.02,10.0,,5.18,10.24,
Mill%20Creek,2020-06-23,48.9,64.5,77.0,30.09,50.1,0.0,10.0,,4.95,10.24,16.11
Mill%20Creek,2020-06-24,55.0,63.8,77.0,29.95,55.5,0.0,10.0,,5.18,11.39,
Mill%20Creek,2020-06-25,53.6,62.1,75.0,30.06,55.6,0.0,8.6,,5.06,9.21,
Mill%20Creek,2020-06-26,54.0,63.4,75.0,30.06,53.1,0.0,10.0,,5.87,10.24,18.3
Mill%20Creek,2020-06-27,51.8,55.8,64.9,30.00,51.9,0.0,7.0,,6.9,11.39,19.68
Mill%20Creek,2020-06-28,51.1,56.0,66.9,29.89,50.0,0.13,9.5,,6.33,11.39,
Mill%20Creek,2020-06-29,51.1,60.7,72.0,29.96,50.2,0.03,9.8,,8.06,13.81,
Mill%20Creek,2020-06-30,53.1,58.2,72.0,29.98,52.2,0.0,7.7,,9.09,14.96,
Mill%20Creek,2020-07-01,51.8,55.2,61.0,29.96,51.0,0.17,6.6,,6.56,11.39,
Mill%20Creek,2020-07-02,52.0,56.2,62.1,29.96,49.9,0.16,8.7,,11.16,16.11,20.83
Mill%20Creek,2020-07-03,51.1,57.0,63.0,30.05,49.8,0.0,9.9,,5.98,12.77,
Mill%20Creek,2020-07-04,51.1,58.3,68.0,30.18,52.1,0.01,9.8,,3.34,6.9,
Mill%20Creek,2020-07-05,51.1,59.7,70.0,30.19,50.1,0.0,9.5,,4.83,8.06,
Mill%20Creek,2020-07-06,51.1,59.9,70.0,30.08,49.1,0.0,10.0,,5.87,9.21,
Mill%20Creek,2020-07-07,51.8,55.8,64.9,30.06,51.2,0.0,7.4,,5.41,9.21,
Mill%20Creek,2020-07-08,52.0,59.5,69.1,30.11,52.1,0.26,10.0,,4.6,9.21,
Mill%20Creek,2020-07-09,54.0,59.5,70.0,30.03,53.2,0.0,9.8,,5.41,10.24,
Mill%20Creek,2020-07-10,53.1,59.0,71.1,30.13,50.3,0.02,10.0,,5.64,11.39,
Mill%20Creek,2020-07-11,51.1,59.0,71.1,30.12,50.6,0.0,10.0,,4.14,9.21,
Mill%20Creek,2020-07-12,51.1,58.8,66.0,30.14,52.0,0.03,8.6,,8.63,16.11,
Mill%20Creek,2020-07-13,51.1,58.4,71.1,30.15,48.7,0.02,10.0,,7.02,11.39,19.68
Mill%20Creek,2020-07-14,51.1,62.1,75.0,30.15,49.8,0.0,10.0,,5.98,10.24,
Mill%20Creek,2020-07-15,53.1,64.2,75.0,30.14,51.2,0.0,10.0,,5.87,9.21,17.26
Mill%20Creek,2020-07-16,54.0,63.5,75.0,30.05,57.0,0.0,8.9,,6.33,11.39,
Mill%20Creek,2020-07-17,53.6,59.7,68.0,30.05,54.2,0.0,9.1,,7.48,12.77,19.68
Mill%20Creek,2020-07-18,54.0,62.6,73.9,30.19,52.3,0.0,10.0,,5.52,11.39,
Mill%20Creek,2020-07-19,54.0,65.9,77.0,30.13,56.0,0.0,10.0,,5.06,10.24,
Mill%20Creek,2020-07-20,55.0,68.9,80.1,30.04,58.6,0.0,10.0,,5.64,10.24,
Mill%20Creek,2020-07-21,59.0,69.2,80.1,29.92,58.2,0.0,10.0,,4.26,8.06,
Mill%20Creek,2020-07-22,57.9,61.3,75.9,29.86,57.5,0.0,8.2,,5.87,12.77,19.68
Mill%20Creek,2020-07-23,57.0,60.7,68.0,29.96,55.2,0.03,10.0,,5.18,12.77,
Mill%20Creek,2020-07-24,53.6,58.3,64.9,30.06,52.2,0.01,8.7,,6.21,11.39,
Mill%20Creek,2020-07-25,51.8,59.1,71.1,30.14,50.4,0.03,10.0,,6.9,11.39,
Mill%20Creek,2020-07-26,52.0,64.8,79.0,30.12,51.8,0.0,10.0,,6.79,9.21,
Mill%20Creek,2020-07-27,55.9,73.5,87.1,29.94,56.0,0.0,10.0,,4.26,8.06,
Mill%20Creek,2020-07-28,57.0,67.2,87.1,29.90,55.4,0.0,10.0,,6.1,10.24,
Mill%20Creek,2020-07-29,55.0,64.3,78.1,29.93,52.4,0.0,10.0,,5.18,9.21,
Mill%20Creek,2020-07-30,55.0,68.5,82.0,29.98,50.6,0.0,10.0,,5.75,9.21,
Mill%20Creek,2020-07-31,57.9,71.0,82.9,29.94,54.1,0.0,10.0,,5.52,14.96,
Mill%20Creek,2020-08-01,57.0,62.7,77.0,30.10,55.8,0.0,10.0,,5.18,11.39,17.26
Mill%20Creek,2020-08-02,55.9,64.9,77.0,30.08,56.0,0.0,10.0,,5.41,11.39,
Mill%20Creek,2020-08-03,55.9,67.0,77.0,30.14,56.7,0.0,10.0,,5.29,9.21,
Mill%20Creek,2020-08-04,57.0,65.6,78.1,30.11,57.9,0.0,9.7,,6.1,9.21,
Mill%20Creek,2020-08-05,57.0,66.0,78.1,29.96,53.1,0.0,10.0,,5.64,10.24,17.26
Mill%20Creek,2020-08-06,53.1,59.7,75.0,29.91,55.2,0.0,7.4,,6.79,12.77,21.86
Mill%20Creek,2020-08-07,52.0,59.5,70.0,30.14,52.8,0.42,9.8,,4.37,9.21,
Mill%20Creek,2020-08-08,52.0,59.7,70.0,30.18,55.1,0.07,7.5,,4.03,8.06,
Mill%20Creek,2020-08-09,52.0,61.0,72.0,30.27,51.2,0.02,10.0,,4.6,9.21,
Mill%20Creek,2020-08-10,52.0,64.7,75.0,30.16,53.1,0.0,10.0,,4.72,9.21,
Mill%20Creek,2020-08-11,53.1,61.4,75.0,29.97,54.1,0.0,9.3,,6.33,10.24,
Mill%20Creek,2020-08-12,53.1,58.6,70.0,30.00,48.0,0.0,10.0,,5.98,11.39,19.68
Mill%20Creek,2020-08-13,51.1,59.0,70.0,30.13,47.5,0.0,10.0,,5.29,9.21,
Mill%20Creek,2020-08-14,51.1,61.6,73.9,30.21,48.7,0.0,10.0,,6.33,10.24,
Mill%20Creek,2020-08-15,55.0,65.9,79.0,30.09,53.4,0.0,10.0,,6.79,10.24,17.26
Mill%20Creek,2020-08-16,55.9,75.3,99.0,29.90,56.1,0.0,10.0,,2.53,8.06,
Mill%20Creek,2020-08-17,61.0,76.8,100.0,30.01,56.9,0.0,10.0,,4.26,6.9,
Mill%20Creek,2020-08-18,59.0,65.2,82.9,30.07,58.2,0.0,10.0,,5.75,9.21,
Mill%20Creek,2020-08-19,59.0,65.9,78.1,30.02,57.0,0.0,10.0,,3.8,10.24,
Mill%20Creek,2020-08-20,59.0,68.3,78.1,29.89,57.4,0.0,10.0,,8.86,14.96,23.02
Mill%20Creek,2020-08-21,61.0,67.4,78.1,29.80,60.7,0.05,9.5,,13.58,21.86,31.07
Mill%20Creek,2020-08-22,57.9,63.1,70.0,30.06,54.0,0.08,10.0,,7.02,18.3,28.88
Mill%20Creek,2020-08-23,52.0,60.1,71.1,30.04,51.6,0.01,10.0,,5.52,12.77,16.11
Mill%20Creek,2020-08-24,52.0,61.7,72.0,29.98,51.4,0.0,10.0,,5.41,8.06,
Mill%20Creek,2020-08-25,52.0,61.3,72.0,29.98,51.0,0.0,10.0,,5.75,11.39,
Mill%20Creek,2020-08-26,52.0,61.3,72.0,30.01,51.6,0.0,9.8,,6.1,10.24,16.11
Mill%20Creek,2020-08-27,52.0,62.2,73.9,30.02,51.9,0.0,10.0,,4.95,8.06,
Mill%20Creek,2020-08-28,52.0,62.2,75.0,30.05,53.9,0.0,8.9,,5.75,8.06,
Mill%20Creek,2020-08-29,53.6,60.2,66.9,30.03,52.6,0.0,9.8,,6.44,11.39,19.68
Mill%20Creek,2020-08-30,51.1,59.3,71.1,30.13,48.9,0.0,10.0,,5.29,8.06,
Mill%20Creek,2020-08-31,51.1,57.3,71.1,30.11,51.1,0.12,8.2,,4.37,11.39,18.3
Mill%20Creek,2020-09-01,51.1,64.3,77.0,30.17,53.3,0.01,10.0,,3.34,6.9,
Mill%20Creek,2020-09-02,57.0,64.4,77.0,30.11,56.8,0.0,8.2,,5.18,11.39,17.26
Mill%20Creek,2020-09-03,55.9,63.6,78.1,30.14,55.0,0.0,10.0,,5.75,11.39,
Mill%20Creek,2020-09-04,55.9,67.0,79.0,30.02,54.3,0.0,10.0,,5.52,9.21,
Mill%20Creek,2020-09-05,57.0,62.8,79.0,30.14,54.0,0.0,10.0,,6.21,10.24,
Mill%20Creek,2020-09-06,54.0,61.8,75.0,30.27,54.9,0.0,8.0,,5.29,10.24,
Mill%20Creek,2020-09-07,54.0,66.4,81.0,30.15,53.0,0.0,10.0,,5.98,13.81,25.32
Mill%20Creek,2020-09-08,55.9,70.5,81.0,30.27,30.8,0.0,7.2,,8.86,13.81,21.86
Mill%20Creek,2020-09-09,53.1,67.1,82.9,30.08,42.2,0.0,8.6,,3.68,9.21,
Mill%20Creek,2020-09-10,53.1,72.0,84.9,29.98,48.4,0.0,8.2,,3.45,9.21,
Mill%20Creek,2020-09-11,55.9,66.2,84.9,30.01,52.0,0.0,5.0,,5.18,9.21,
Mill%20Creek,2020-09-12,51.8,57.0,71.1,30.01,52.1,0.0,1.3,,2.88,6.9,
Mill%20Creek,2020-09-13,50.0,55.0,63.0,29.96,52.5,0.0,0.9,,1.27,4.72,
Mill%20Creek,2020-09-14,52.0,59.9,68.0,29.95,53.7,0.0,1.2,,1.15,4.72,
Mill%20Creek,2020-09-15,55.9,64.9,75.9,30.06,57.0,0.03,1.2,,4.49,9.21,
Mill%20Creek,2020-09-16,57.0,62.2,75.9,30.05,58.4,0.02,1.4,,4.14,9.21,
Mill%20Creek,2020-09-17,57.0,64.9,69.1,30.02,60.5,0.0,2.7,,4.72,9.21,
Mill%20Creek,2020-09-18,57.2,61.6,66.9,29.92,58.7,0.0,2.0,,3.68,11.39,
Mill%20Creek,2020-09-19,57.0,59.9,66.0,30.00,57.5,0.38,5.7,,3.68,9.21,
Mill%20Creek,2020-09-20,57.0,60.8,66.9,30.09,56.5,0.12,8.4,,2.65,8.06,
Mill%20Creek,2020-09-21,53.1,59.5,68.0,29.98,53.7,0.01,9.3,,2.99,6.9,
Mill%20Creek,2020-09-22,53.1,61.7,72.0,29.99,53.0,0.01,9.9,,6.33,13.81,18.3
Mill%20Creek,2020-09-23,55.0,61.8,72.0,29.87,54.4,0.02,8.2,,12.43,20.83,31.07
Mill%20Creek,2020-09-24,57.0,59.3,64.0,29.83,54.7,0.59,9.3,,19.33,27.73,41.31
Mill%20Creek,2020-09-25,54.0,57.9,64.0,29.81,52.0,0.12,8.6,,14.85,20.83,31.07
Mill%20Creek,2020-09-26,51.1,55.2,64.0,30.03,50.6,1.02,9.0,,7.83,16.11,19.68
Mill%20Creek,2020-09-27,48.9,56.1,64.9,30.39,50.3,0.12,8.5,,3.22,8.06,
Mill%20Creek,2020-09-28,48.9,57.0,68.0,30.39,50.3,0.0,9.3,,4.95,8.06,
Mill%20Creek,2020-09-29,50.0,59.9,72.0,30.14,52.7,0.0,9.7,,5.75,10.24,
Mill%20Creek,2020-09-30,53.1,63.3,73.9,30.13,55.8,0.0,10.0,,1.5,5.87,
Mill%20Creek,2021-06-01,52.0,66.3,81.0,30.11,52.8,0.0,10.0,,5.64,9.21,17.26
Mill%20Creek,2021-06-02,55.9,70.0,81.0,29.92,54.8,0.0,10.0,,5.41,12.77,19.68
Mill%20Creek,2021-06-03,57.9,63.1,80.1,29.96,53.7,0.0,10.0,,7.13,12.77,20.83
Mill%20Creek,2021-06-04,52.0,56.7,73.0,30.04,46.8,0.0,10.0,,7.36,13.81,24.17
Mill%20Creek,2021-06-05,50.0,56.6,68.0,29.97,45.7,0.0,9.5,,7.13,13.81,21.86
Mill%20Creek,2021-06-06,46.0,49.0,57.9,30.02,45.0,0.68,8.8,,6.9,14.96,
Mill%20Creek,2021-06-07,45.0,49.7,60.1,29.90,44.3,0.4,9.3,,7.13,14.96,28.88
Mill%20Creek,2021-06-08,45.0,54.7,64.0,29.96,42.9,0.11,10.0,,3.8,8.06,
Mill%20Creek,2021-06-09,45.0,55.9,64.9,30.09,43.7,0.0,10.0,,5.87,10.24,
Mill%20Creek,2021-06-10,46.9,54.8,64.9,30.13,43.9,0.0,10.0,,6.21,12.77,21.86
Mill%20Creek,2021-06-11,48.0,57.0,64.9,29.99,43.0,0.0,10.0,,7.71,13.81,18.3
Mill%20Creek,2021-06-12,52.0,58.9,72.0,29.98,50.9,0.25,9.7,,5.64,12.77,
Mill%20Creek,2021-06-13,52.0,61.6,72.0,29.87,55.3,0.19,9.2,,5.64,12.77,
Mill%20Creek,2021-06-14,57.0,60.0,68.0,29.97,58.3,0.4,6.3,,4.14,10.24,
Mill%20Creek,2021-06-15,53.1,60.4,68.0,30.10,51.2,0.15,10.0,,8.52,17.26,21.86
Mill%20Creek,2021-06-16,51.1,58.7,68.0,30.33,50.1,0.32,9.6,,6.21,16.11,20.83
Mill%20Creek,2021-06-17,51.1,61.3,73.0,30.21,49.3,0.0,10.0,,5.29,9.21,
Mill%20Creek,2021-06-18,51.1,59.0,73.0,30.12,48.1,0.0,10.0,,9.32,13.81,20.83
Mill%20Creek,2021-06-19,51.1,58.1,69.1,30.10,49.3,0.0,10.0,,6.79,12.77,19.68
Mill%20Creek,2021-06-20,51.1,62.7,75.9,30.03,53.6,0.0,10.0,,7.83,11.39,18.3
Mill%20Creek,2021-06-21,54.0,69.7,82.9,29.91,53.7,0.0,10.0,,5.64,9.21,
Mill%20Creek,2021-06-22,59.0,69.1,82.9,29.85,55.1,0.0,10.0,,5.87,11.39,
Mill%20Creek,2021-06-23,53.1,61.2,75.9,29.90,54.7,0.0,9.6,,7.02,10.24,
Mill%20Creek,2021-06-24,53.1,64.2,75.9,30.03,55.4,0.0,10.0,,4.6,8.06,
Mill%20Creek,2021-06-25,55.0,69.0,82.9,30.05,57.3,0.0,10.0,,5.52,11.39,
Mill%20Creek,2021-06-26,60.1,80.5,95.0,29.99,60.1,0.0,10.0,,3.8,10.24,
Mill%20Creek,2021-06-27,69.1,83.2,95.0,29.92,61.8,0.0,10.0,,6.1,9.21,
Mill%20Creek,2021-06-28,72.0,86.3,100.0,29.78,61.0,0.0,10.0,,5.64,9.21,
Mill%20Creek,2021-06-29,64.9,77.6,100.0,29.74,60.4,0.0,10.0,,7.25,11.39,
Mill%20Creek,2021-06-30,61.0,66.5,81.0,29.84,58.1,0.0,10.0,,7.36,11.39,
Mill%20Creek,2021-07-01,61.0,65.0,75.9,29.98,57.7,0.0,10.0,,4.6,10.24,
Mill%20Creek,2021-07-02,60.1,65.9,75.0,30.01,58.0,0.0,10.0,,3.45,5.87,
Mill%20Creek,2021-07-03,55.9,66.8,80.1,29.99,56.2,0.0,9.5,,5.41,8.06,
Mill%20Creek,2021-07-04,55.9,65.8,80.1,29.98,56.8,0.0,9.5,,5.64,11.39,
Mill%20Creek,2021-07-05,55.0,62.1,77.0,30.03,55.4,0.0,9.8,,6.44,10.24,
Mill%20Creek,2021-07-06,54.0,62.9,79.0,30.04,55.8,0.0,6.5,,5.18,8.06,
Mill%20Creek,2021-07-07,54.0,63.4,79.0,29.98,54.4,0.0,10.0,,7.94,18.3,20.83
Mill%20Creek,2021-07-08,55.9,60.2,70.0,30.03,52.8,0.0,10.0,,5.41,11.39,
Mill%20Creek,2021-07-09,55.0,62.5,75.0,30.09,54.6,0.0,9.3,,5.06,10.24,
Mill%20Creek,2021-07-10,53.6,62.8,73.9,30.13,54.3,0.0,8.1,,5.64,10.24,
Mill%20Creek,2021-07-11,54.0,61.5,73.9,30.16,52.2,0.0,10.0,,6.33,11.39,
Mill%20Creek,2021-07-12,53.1,62.7,78.1,30.08,53.2,0.0,10.0,,5.75,10.24,
Mill%20Creek,2021-07-13,53.1,64.5,78.1,30.07,54.3,0.0,9.8,,5.06,9.21,
Mill%20Creek,2021-07-14,53.1,61.0,77.0,30.03,53.6,0.0,8.8,,6.67,11.39,
Mill%20Creek,2021-07-15,53.1,58.9,72.0,30.03,53.1,0.0,9.6,,6.79,12.77,18.3
Mill%20Creek,2021-07-16,53.1,59.2,68.0,30.05,53.1,0.0,10.0,,6.56,11.39,
Mill%20Creek,2021-07-17,54.0,60.9,69.1,30.07,52.9,0.0,10.0,,5.18,10.24,
Mill%20Creek,2021-07-18,54.0,62.3,73.9,30.14,50.4,0.0,10.0,,5.64,10.24,18.3
Mill%20Creek,2021-07-19,54.0,64.3,75.0,30.12,49.2,0.0,10.0,,5.87,11.39,
Mill%20Creek,2021-07-20,55.9,60.1,75.0,30.14,53.5,0.0,7.9,,6.67,11.39,19.68
Mill%20Creek,2021-07-21,55.9,59.1,68.0,30.13,50.3,0.01,10.0,,5.87,10.24,17.26
Mill%20Creek,2021-07-22,54.0,60.8,71.1,30.17,49.0,0.0,10.0,,6.79,11.39,20.83
Mill%20Creek,2021-07-23,54.0,62.5,75.0,30.23,47.9,0.0,10.0,,6.1,10.24,17.26
Mill%20Creek,2021-07-24,55.0,64.9,77.0,30.20,55.6,0.0,9.9,,7.13,10.24,19.68
Mill%20Creek,2021-07-25,55.9,63.9,77.0,30.09,53.8,0.0,10.0,,7.71,14.96,25.32
Mill%20Creek,2021-07-26,55.0,62.5,73.9,30.03,54.2,0.0,10.0,,8.63,17.26,29.92
Mill%20Creek,2021-07-27,55.0,64.7,78.1,30.03,56.0,0.0,10.0,,6.1,13.81,24.17
Mill%20Creek,2021-07-28,55.9,67.6,81.0,30.11,49.0,0.0,10.0,,5.52,8.06,
Mill%20Creek,2021-07-29,55.9,69.2,82.9,30.08,54.1,0.0,10.0,,5.87,11.39,24.17
Mill%20Creek,2021-07-30,57.0,68.7,84.9,30.01,54.6,0.0,10.0,,6.79,10.24,18.3
Mill%20Creek,2021-07-31,57.0,67.7,84.9,30.01,52.3,0.0,10.0,,5.75,9.21,19.68
Mill%20Creek,2021-08-01,59.0,65.6,77.0,30.06,56.8,0.01,10.0,,3.34,6.9,
Mill%20Creek,2021-08-02,55.0,63.5,77.0,30.13,55.4,0.0,8.2,,6.33,10.24,
Mill%20Creek,2021-08-03,55.0,65.2,79.0,30.09,54.1,0.0,10.0,,6.67,11.39,18.3
Mill%20Creek,2021-08-04,55.9,67.4,82.0,30.03,56.5,0.0,9.1,,6.21,10.24,17.26
Mill%20Creek,2021-08-05,57.0,69.7,82.0,29.95,55.7,0.0,10.0,,6.21,10.24,
Mill%20Creek,2021-08-06,55.4,62.8,71.1,30.03,58.1,0.03,7.3,,7.13,10.24,19.68
Mill%20Creek,2021-08-07,55.9,61.5,68.0,29.98,55.0,0.1,9.1,,6.67,12.77,21.86
Mill%20Creek,2021-08-08,54.0,58.7,72.0,30.01,53.5,0.36,9.4,,6.44,12.77,21.86
Mill%20Creek,2021-08-09,54.0,63.0,73.9,30.13,53.0,0.09,10.0,,5.64,9.21,
Mill%20Creek,2021-08-10,55.0,66.0,78.1,30.11,54.0,0.0,10.0,,6.33,11.39,
Mill%20Creek,2021-08-11,55.9,72.4,86.0,30.07,56.7,0.0,10.0,,5.29,9.21,17.26
Mill%20Creek,2021-08-12,61.0,74.1,86.0,29.99,59.4,0.0,9.7,,6.44,9.21,
Mill%20Creek,2021-08-13,64.9,78.5,91.0,29.99,56.6,0.0,9.1,,2.42,6.9,
Mill%20Creek,2021-08-14,64.0,73.2,91.0,30.07,58.4,0.0,8.7,,4.6,9.21,
Mill%20Creek,2021-08-15,57.9,66.4,78.1,30.06,59.5,0.0,8.8,,4.83,12.77,
Mill%20Creek,2021-08-16,57.9,65.3,79.0,29.96,57.0,0.0,10.0,,5.87,16.11,19.68
Mill%20Creek,2021-08-17,53.6,56.2,64.9,29.93,52.4,0.12,7.8,,5.52,11.39,20.83
Mill%20Creek,2021-08-18,54.0,61.9,73.9,30.10,52.4,0.01,10.0,,4.49,8.06,
Mill%20Creek,2021-08-19,55.0,65.2,77.0,30.08,53.7,0.0,10.0,,3.68,8.06,
Mill%20Creek,2021-08-20,55.9,62.5,77.0,29.99,54.0,0.0,10.0,,8.17,14.96,
Mill%20Creek,2021-08-21,55.0,59.0,69.1,29.87,52.6,0.0,10.0,,4.6,8.06,
Mill%20Creek,2021-08-22,51.8,58.8,64.9,29.87,51.9,0.0,8.6,,6.21,11.39,
Mill%20Creek,2021-08-23,52.0,57.6,68.0,29.98,47.7,0.06,10.0,,4.95,9.21,
Mill%20Creek,2021-08-24,51.1,60.4,73.9,30.04,48.3,0.0,10.0,,5.29,8.06,
Mill%20Creek,2021-08-25,51.1,63.3,75.0,29.99,48.1,0.0,10.0,,4.6,10.24,
Mill%20Creek,2021-08-26,52.0,61.6,75.0,30.06,52.1,0.0,10.0,,8.98,19.68,25.32
Mill%20Creek,2021-08-27,55.4,59.1,66.9,30.12,54.3,0.02,8.6,,4.26,14.96,21.86
Mill%20Creek,2021-08-28,51.1,59.9,73.9,30.15,50.8,0.0,9.9,,5.41,8.06,
Mill%20Creek,2021-08-29,51.1,61.9,73.9,30.01,52.7,0.0,8.8,,5.98,11.39,21.86
Mill%20Creek,2021-08-30,51.1,57.2,73.0,29.94,48.7,0.0,10.0,,5.98,10.24,
Mill%20Creek,2021-08-31,51.1,54.6,62.1,29.97,48.1,0.04,9.4,,5.87,9.21,
Mill%20Creek,2021-09-01,48.0,55.5,68.0,30.04,45.3,0.04,10.0,,5.18,11.39,17.26
Mill%20Creek,2021-09-02,48.0,60.1,73.9,30.06,48.3,0.0,10.0,,4.83,8.06,
Mill%20Creek,2021-09-03,50.0,64.4,75.0,30.06,46.9,0.0,10.0,,3.57,6.9,
Mill%20Creek,2021-09-04,52.0,64.2,77.0,29.98,44.5,0.0,10.0,,6.67,16.11,25.32
Mill%20Creek,2021-09-05,54.0,65.2,77.0,30.00,54.5,0.0,10.0,,4.37,9.21,
Mill%20Creek,2021-09-06,55.9,61.5,73.9,30.10,53.0,0.0,9.7,,5.06,8.06,
Mill%20Creek,2021-09-07,54.0,62.2,75.0,30.08,52.1,0.0,10.0,,5.75,10.24,16.11
Mill%20Creek,2021-09-08,54.0,67.9,77.0,29.98,52.4,0.01,10.0,,6.1,14.96,29.92
Mill%20Creek,2021-09-09,57.9,66.4,81.0,29.94,56.7,0.0,9.1,,4.95,10.24,16.11
Mill%20Creek,2021-09-10,55.9,61.8,81.0,29.95,56.2,0.0,10.0,,5.29,10.24,
Mill%20Creek,2021-09-11,55.0,59.3,64.9,30.16,53.9,0.03,9.1,,5.18,8.06,
Mill%20Creek,2021-09-12,52.0,58.1,64.9,30.14,53.8,0.02,7.2,,4.49,8.06,17.26
Mill%20Creek,2021-09-13,52.0,57.9,66.0,30.19,49.4,0.05,10.0,,4.95,9.21,
Mill%20Creek,2021-09-14,50.0,57.0,66.9,30.11,50.1,0.0,10.0,,4.26,9.21,
Mill%20Creek,2021-09-15,50.0,57.8,64.0,30.05,48.7,0.01,10.0,,7.36,13.81,26.35
Mill%20Creek,2021-09-16,44.1,53.9,64.0,30.13,44.3,0.0,10.0,,4.49,10.24,
Mill%20Creek,2021-09-17,44.1,55.4,64.0,29.83,47.5,0.01,9.3,,8.29,20.83,29.92
Mill%20Creek,2021-09-18,52.0,58.1,64.0,29.68,54.3,1.08,7.3,,14.96,24.17,39.13
Mill%20Creek,2021-09-19,51.1,54.7,64.0,29.88,51.3,0.2,9.4,,10.7,17.26,24.17
Mill%20Creek,2021-09-20,51.1,56.2,66.0,30.29,51.9,0.16,9.4,,4.14,8.06,
Mill%20Creek,2021-09-21,48.9,58.4,72.0,30.26,48.2,0.0,10.0,,3.57,6.9,
Mill%20Creek,2021-09-22,48.9,59.3,72.0,30.10,49.9,0.0,9.9,,4.03,8.06,
Mill%20Creek,2021-09-23,53.1,58.2,66.0,30.29,52.1,0.0,8.3,,5.41,9.21,
Mill%20Creek,2021-09-24,51.1,57.5,70.0,30.16,51.3,0.0,7.3,,5.98,8.06,
Mill%20Creek,2021-09-25,51.1,61.7,73.9,29.88,52.6,0.0,10.0,,3.11,8.06,
Mill%20Creek,2021-09-26,52.0,57.5,73.9,29.84,50.2,0.0,9.2,,9.78,21.86,29.92
Mill%20Creek,2021-09-27,54.0,56.8,61.0,29.73,53.3,1.05,7.7,,12.89,20.83,34.41
Mill%20Creek,2021-09-28,51.1,53.8,61.0,29.90,49.9,0.21,9.5,,12.66,20.83,32.22
Mill%20Creek,2021-09-29,51.1,53.6,61.0,30.09,45.7,0.14,10.0,,10.36,17.26,26.35
Mill%20Creek,2021-09-30,51.1,55.6,60.1,30.06,53.3,0.09,7.6,,10.7,21.86,32.22
Mill%20Creek,2022-06-01,48.0,60.0,71.1,30.04,49.8,0.0,10.0,,5.52,10.24,16.11
Mill%20Creek,2022-06-02,53.1,60.2,71.1,29.93,53.3,0.0,8.8,,4.03,8.06,
Mill%20Creek,2022-06-03,54.0,60.4,70.0,29.78,55.4,0.16,9.0,,8.17,16.11,21.86
Mill%20Creek,2022-06-04,55.0,59.7,68.0,29.78,49.8,0.13,10.0,,9.32,14.96,20.83
Mill%20Creek,2022-06-05,55.0,59.6,68.0,29.67,54.0,0.1,9.3,,9.78,19.68,32.22
Mill%20Creek,2022-06-06,50.0,53.9,66.0,30.08,44.4,0.07,10.0,,4.6,8.06,19.68
Mill%20Creek,2022-06-07,48.0,57.7,70.0,30.06,45.7,0.0,10.0,,5.18,10.24,
Mill%20Creek,2022-06-08,48.0,63.5,71.1,29.97,46.8,0.0,10.0,,9.9,17.26,24.17
Mill%20Creek,2022-06-09,54.0,56.8,69.1,29.96,48.7,0.0,8.5,,5.98,12.77,
Mill%20Creek,2022-06-10,54.0,60.3,68.0,29.89,54.2,0.41,9.6,,13.92,29.92,44.88
Mill%20Creek,2022-06-11,54.0,58.7,68.0,29.93,52.6,0.0,10.0,,7.6,16.11,25.32
Mill%20Creek,2022-06-12,50.0,54.8,66.9,29.86,46.0,0.0,10.0,,6.67,10.24,19.68
Mill%20Creek,2022-06-13,48.2,51.8,55.9,29.99,46.0,0.05,9.3,,6.1,10.24,
Mill%20Creek,2022-06-14,48.0,52.1,59.0,30.19,44.6,0.34,9.2,,5.06,10.24,17.26
Mill%20Creek,2022-06-15,48.0,54.3,60.1,30.09,45.3,0.32,10.0,,5.41,9.21,
Mill%20Creek,2022-06-16,50.0,57.3,68.0,29.92,48.2,0.0,9.4,,4.95,11.39,18.3
Mill%20Creek,2022-06-17,50.0,55.9,68.0,29.85,48.5,0.0,9.8,,6.79,11.39,17.26
Mill%20Creek,2022-06-18,51.1,54.3,61.0,29.94,49.9,0.02,8.2,,4.37,12.77,
Mill%20Creek,2022-06-19,51.1,56.2,64.9,30.14,48.9,0.0,9.3,,5.29,8.06,
Mill%20Creek,2022-06-20,51.1,55.5,64.9,30.29,47.6,0.0,10.0,,5.18,11.39,18.3
Mill%20Creek,2022-06-21,51.1,60.7,73.9,30.33,51.3,0.0,10.0,,5.52,8.06,
Mill%20Creek,2022-06-22,53.1,59.1,73.9,30.19,51.8,0.0,8.9,,7.36,11.39,18.3
Mill%20Creek,2022-06-23,46.9,56.5,66.9,30.14,45.3,0.0,10.0,,5.98,11.39,21.86
Mill%20Creek,2022-06-24,46.9,59.6,72.0,30.18,44.7,0.0,10.0,,6.9,12.77,19.68
Mill%20Creek,2022-06-25,50.0,67.3,81.0,30.18,47.5,0.0,10.0,,5.87,11.39,19.68
Mill%20Creek,2022-06-26,55.9,72.4,82.9,30.08,49.9,0.0,10.0,,6.79,10.24,17.26
Mill%20Creek,2022-06-27,60.1,75.5,91.9,29.95,51.1,0.0,10.0,,4.72,14.96,
Mill%20Creek,2022-06-28,57.0,65.6,91.9,29.99,49.4,0.0,10.0,,15.54,25.32,35.79
Mill%20Creek,2022-06-29,55.0,59.0,68.0,30.14,49.7,0.0,10.0,,12.54,23.02,29.92
Mill%20Creek,2022-06-30,54.0,60.8,71.1,30.15,50.9,0.0,10.0,,5.64,10.24,
Mill%20Creek,2022-07-01,54.0,61.5,71.1,30.09,51.6,0.0,9.8,,6.67,9.21,
Mill%20Creek,2022-07-02,53.1,58.2,71.1,30.00,51.2,0.0,10.0,,6.67,12.77,25.32
Mill%20Creek,2022-07-03,53.1,56.7,66.0,29.93,51.6,0.0,8.9,,6.9,12.77,
Mill%20Creek,2022-07-04,53.1,57.8,66.0,29.97,49.4,0.0,10.0,,7.02,11.39,
Mill%20Creek,2022-07-05,53.1,60.6,73.0,29.97,51.7,0.0,9.3,,5.18,8.06,
Mill%20Creek,2022-07-06,53.1,63.9,73.9,29.93,55.6,0.0,10.0,,4.6,13.81,21.86
Mill%20Creek,2022-07-07,57.0,63.7,73.9,30.01,55.0,0.0,10.0,,4.14,8.06,
Mill%20Creek,2022-07-08,57.9,63.0,72.0,30.10,53.3,0.0,10.0,,4.83,10.24,
Mill%20Creek,2022-07-09,57.0,62.8,73.0,30.16,50.9,0.0,10.0,,6.33,11.39,19.68
Mill%20Creek,2022-07-10,57.0,63.2,73.0,30.29,52.6,0.0,10.0,,5.87,11.39,19.68
Mill%20Creek,2022-07-11,57.0,66.3,79.0,30.24,54.5,0.0,10.0,,6.1,10.24,19.68
Mill%20Creek,2022-07-12,55.0,65.0,79.0,29.97,53.2,0.0,10.0,,7.83,18.3,27.73
Mill%20Creek,2022-07-13,55.0,60.7,72.0,30.01,49.4,0.0,10.0,,7.36,17.26,29.92
Mill%20Creek,2022-07-14,53.1,60.9,73.9,30.06,50.2,0.0,10.0,,7.25,12.77,21.86
Mill%20Creek,2022-07-15,53.1,63.2,75.0,30.03,49.9,0.0,10.0,,6.9,11.39,19.68
Mill%20Creek,2022-07-16,54.0,62.9,75.0,30.08,53.6,0.0,10.0,,5.18,10.24,17.26
Mill%20Creek,2022-07-17,55.0,59.2,66.9,30.07,48.9,0.0,10.0,,6.1,10.24,17.26
Mill%20Creek,2022-07-18,55.0,58.6,70.0,30.11,51.4,0.01,9.3,,3.68,10.24,
Mill%20Creek,2022-07-19,53.6,62.7,75.9,30.11,52.7,0.04,10.0,,6.33,8.06,
Mill%20Creek,2022-07-20,54.0,67.4,79.0,30.07,54.3,0.0,10.0,,5.87,11.39,18.3
Mill%20Creek,2022-07-21,57.0,66.6,79.0,30.04,54.9,0.0,10.0,,4.95,10.24,17.26
Mill%20Creek,2022-07-22,55.9,62.0,77.0,30.05,52.4,0.0,10.0,,8.98,13.81,17.26
Mill%20Creek,2022-07-23,54.0,59.9,71.1,30.12,51.7,0.0,9.8,,6.1,12.77,21.86
Mill%20Creek,2022-07-24,54.0,64.8,78.1,30.12,54.5,0.0,8.5,,5.06,8.06,
Mill%20Creek,2022-07-25,55.0,69.7,82.0,30.01,57.0,0.0,10.0,,5.52,10.24,
Mill%20Creek,2022-07-26,60.1,75.8,90.0,29.88,58.5,0.0,10.0,,4.72,8.06,
Mill%20Creek,2022-07-27,64.0,76.9,90.0,29.95,58.2,0.0,10.0,,4.14,9.21,
Mill%20Creek,2022-07-28,60.1,71.6,87.1,29.98,58.9,0.0,10.0,,5.29,9.21,
Mill%20Creek,2022-07-29,60.1,73.9,89.1,29.91,58.4,0.0,10.0,,5.06,9.21,
Mill%20Creek,2022-07-30,60.1,76.7,91.0,29.89,58.1,0.0,10.0,,4.72,9.21,
Mill%20Creek,2022-07-31,64.0,76.7,91.0,29.91,56.2,0.0,10.0,,6.56,11.39,
Mill%20Creek,2022-08-01,59.0,71.2,91.0,29.92,56.3,0.0,10.0,,6.33,11.39,
Mill%20Creek,2022-08-02,59.0,64.9,80.1,30.01,55.3,0.0,9.7,,7.71,11.39,
Mill%20Creek,2022-08-03,55.0,62.1,72.0,29.98,52.6,0.0,9.7,,6.1,13.81,18.3
Mill%20Creek,2022-08-04,55.0,60.9,72.0,29.98,51.8,0.01,8.4,,7.13,16.11,
Mill%20Creek,2022-08-05,53.1,60.5,72.0,30.08,50.5,0.15,10.0,,7.25,11.39,19.68
Mill%20Creek,2022-08-06,57.0,66.1,78.1,30.06,51.4,0.0,10.0,,6.1,10.24,18.3
Mill%20Creek,2022-08-07,55.9,70.9,82.9,30.05,52.2,0.0,10.0,,4.83,10.24,18.3
Mill%20Creek,2022-08-08,59.0,73.1,87.1,29.97,54.4,0.0,10.0,,4.6,9.21,
Mill%20Creek,2022-08-09,59.0,66.4,87.1,29.95,55.8,0.0,9.5,,3.91,10.24,17.26
Mill%20Creek,2022-08-10,59.0,65.2,75.0,29.97,56.5,0.0,10.0,,7.36,17.26,20.83
Mill%20Creek,2022-08-11,57.0,66.1,75.9,30.12,54.6,0.0,10.0,,6.44,16.11,
Mill%20Creek,2022-08-12,57.0,66.7,79.0,30.03,52.0,0.0,10.0,,5.06,11.39,
Mill%20Creek,2022-08-13,57.0,66.7,79.0,30.13,51.2,0.0,10.0,,9.09,13.81,
Mill%20Creek,2022-08-14,55.9,64.6,75.0,30.16,53.6,0.0,10.0,,5.64,9.21,
Mill%20Creek,2022-08-15,55.9,67.1,79.0,30.08,51.4,0.0,10.0,,4.83,8.06,
Mill%20Creek,2022-08-16,59.0,66.3,79.0,30.06,55.3,0.0,10.0,,6.44,11.39,17.26
Mill%20Creek,2022-08-17,60.1,68.6,82.9,30.02,55.4,0.0,10.0,,6.1,11.39,18.3
Mill%20Creek,2022-08-18,60.1,76.5,86.0,29.93,56.9,0.0,10.0,,3.45,9.21,
Mill%20Creek,2022-08-19,64.9,74.5,86.0,29.91,61.9,0.0,10.0,,3.91,11.39,
Mill%20Creek,2022-08-20,62.1,67.9,79.0,29.95,58.3,0.03,10.0,,4.26,9.21,
Mill%20Creek,2022-08-21,61.0,67.3,78.1,30.00,57.8,0.0,10.0,,4.95,9.21,
Mill%20Creek,2022-08-22,57.9,66.9,80.1,30.06,56.8,0.0,10.0,,5.41,10.24,
Mill%20Creek,2022-08-23,57.0,64.1,80.1,30.07,55.0,0.0,9.8,,6.21,12.77,20.83
Mill%20Creek,2022-08-24,55.9,66.7,82.9,29.96,56.2,0.0,9.6,,5.29,9.21,
Mill%20Creek,2022-08-25,55.9,73.8,86.0,29.95,58.2,0.0,10.0,,4.03,8.06,
Mill%20Creek,2022-08-26,57.9,65.1,87.1,29.98,56.0,0.0,10.0,,6.56,13.81,20.83
Mill%20Creek,2022-08-27,57.0,60.9,70.0,29.97,52.9,0.0,9.6,,6.79,12.77,19.68
Mill%20Creek,2022-08-28,53.1,62.0,73.9,30.01,51.0,0.0,10.0,,4.49,8.06,
Mill%20Creek,2022-08-29,53.1,65.2,80.1,30.01,51.4,0.0,10.0,,5.75,11.39,19.68
Mill%20Creek,2022-08-30,55.9,70.7,84.0,29.98,53.5,0.0,10.0,,5.87,9.21,
Mill%20Creek,2022-08-31,62.1,74.2,87.1,29.93,56.3,0.0,10.0,,4.14,9.21,
Mill%20Creek,2022-09-01,57.9,66.8,87.1,30.01,56.8,0.0,10.0,,5.29,9.21,
Mill%20Creek,2022-09-02,53.6,63.4,75.9,29.90,54.9,0.0,8.1,,5.41,9.21,
Mill%20Creek,2022-09-03,54.0,62.3,77.0,29.99,55.4,0.0,7.6,,5.52,9.21,20.83
Mill%20Creek,2022-09-04,57.9,66.4,73.0,30.06,54.0,0.06,10.0,,9.32,19.68,28.88
Mill%20Creek,2022-09-05,53.1,61.0,73.0,30.15,50.1,0.0,10.0,,5.98,13.81,23.02
Mill%20Creek,2022-09-06,53.1,61.8,73.9,30.07,49.0,0.0,10.0,,6.67,9.21,
Mill%20Creek,2022-09-07,53.1,64.2,73.9,30.09,47.2,0.0,10.0,,5.98,9.21,19.68
Mill%20Creek,2022-09-08,55.9,61.9,73.0,30.22,46.7,0.0,10.0,,7.48,10.24,20.83
Mill%20Creek,2022-09-09,54.0,61.1,73.9,30.07,47.3,0.0,10.0,,6.79,9.21,17.26
Mill%20Creek,2022-09-10,54.0,65.2,84.0,29.89,43.8,0.0,7.8,,4.95,8.06,
Mill%20Creek,2022-09-11,55.0,70.9,84.0,29.94,47.7,0.0,8.6,,6.9,14.96,23.02
Mill%20Creek,2022-09-12,60.1,65.9,81.0,30.02,54.1,0.0,9.5,,5.06,10.24,
Mill%20Creek,2022-09-13,59.0,62.9,72.0,29.92,50.8,0.0,10.0,,3.91,8.06,
Mill%20Creek,2022-09-14,55.0,61.5,69.1,29.90,51.4,0.0,10.0,,5.06,8.06,
Mill%20Creek,2022-09-15,55.0,59.6,69.1,30.01,50.5,0.0,10.0,,5.06,9.21,
Mill%20Creek,2022-09-16,55.9,58.5,66.0,30.08,46.7,0.0,10.0,,6.44,10.24,
Mill%20Creek,2022-09-17,50.0,56.5,64.0,29.93,44.8,0.0,10.0,,6.67,11.39,19.68
Mill%20Creek,2022-09-18,50.0,58.0,70.0,29.79,45.5,0.0,10.0,,7.02,11.39,19.68
Mill%20Creek,2022-09-19,48.9,60.7,72.0,29.83,41.3,0.0,9.8,,3.22,8.06,
Mill%20Creek,2022-09-20,48.9,62.3,75.9,29.96,42.9,0.0,10.0,,6.1,10.24,18.3
Mill%20Creek,2022-09-21,51.1,62.2,75.9,29.96,37.8,0.0,8.9,,3.22,8.06,
Mill%20Creek,2022-09-22,51.1,61.1,73.0,30.00,45.0,0.0,10.0,,7.71,13.81,20.83
Mill%20Creek,2022-09-23,55.0,61.0,69.1,30.13,49.0,0.0,10.0,,6.44,11.39,
Mill%20Creek,2022-09-24,53.6,60.8,66.9,30.21,50.3,0.0,9.2,,4.72,9.21,
Mill%20Creek,2022-09-25,54.0,61.6,73.0,30.19,50.3,0.0,10.0,,5.29,9.21,18.3
Mill%20Creek,2022-09-26,54.0,64.6,79.0,30.01,50.7,0.0,10.0,,4.37,6.9,
Mill%20Creek,2022-09-27,54.0,65.1,79.0,29.90,50.7,0.0,10.0,,3.22,9.21,
Mill%20Creek,2022-09-28,54.0,60.1,77.0,29.94,51.7,0.0,10.0,,7.94,12.77,19.68
Mill%20Creek,2022-09-29,54.0,60.0,68.0,30.09,52.3,0.01,9.2,,3.68,10.24,
Mill%20Creek,2022-09-30,53.1,57.4,68.0,30.20,51.3,0.0,7.4,,5.29,9.21,18.3
Mill%20Creek,2023-06-01,48.0,53.9,64.9,30.08,43.4,0.0,10.0,,6.1,10.24,17.26
Mill%20Creek,2023-06-02,48.0,56.4,69.1,30.09,44.3,0.0,10.0,,5.41,10.24,18.3
Mill%20Creek,2023-06-03,48.0,57.0,69.1,30.14,45.1,0.0,10.0,,6.9,13.81,21.86
Mill%20Creek,2023-06-04,48.9,56.0,68.0,30.21,42.3,0.0,10.0,,9.67,13.81,25.32
Mill%20Creek,2023-06-05,48.0,56.5,68.0,30.17,42.3,0.0,10.0,,10.7,16.11,25.32
Mill%20Creek,2023-06-06,48.0,61.5,77.0,29.98,42.6,0.0,10.0,,7.13,11.39,21.86
Mill%20Creek,2023-06-07,51.1,69.2,84.0,29.83,42.2,0.0,10.0,,4.03,8.06,
Mill%20Creek,2023-06-08,55.0,64.7,84.0,29.93,48.2,0.0,10.0,,7.6,13.81,
Mill%20Creek,2023-06-09,54.0,57.8,73.0,30.00,49.8,0.0,9.3,,6.56,12.77,
Mill%20Creek,2023-06-10,53.1,54.0,61.0,30.07,51.5,0.33,5.0,,3.45,6.9,
Mill%20Creek,2023-06-11,53.1,58.0,66.9,30.06,52.5,0.12,8.9,,4.95,10.24,
Mill%20Creek,2023-06-12,53.1,65.6,80.1,30.00,53.5,0.0,10.0,,3.22,6.9,
Mill%20Creek,2023-06-13,55.0,62.3,80.1,29.96,52.8,0.0,9.4,,6.21,12.77,
Mill%20Creek,2023-06-14,51.1,55.8,66.0,30.07,44.7,0.02,9.8,,6.67,14.96,20.83
Mill%20Creek,2023-06-15,50.0,57.7,68.0,30.16,45.4,0.02,10.0,,6.79,10.24,
Mill%20Creek,2023-06-16,50.0,59.9,70.0,30.18,48.6,0.0,10.0,,5.52,9.21,18.3
Mill%20Creek,2023-06-17,51.1,54.7,66.9,30.07,47.9,0.01,8.9,,7.48,13.81,24.17
Mill%20Creek,2023-06-18,48.9,51.8,55.9,29.89,44.2,0.01,9.0,,5.52,11.39,
Mill%20Creek,2023-06-19,46.4,52.2,59.0,29.89,43.7,0.1,10.0,,5.52,12.77,
Mill%20Creek,2023-06-20,46.9,53.7,60.1,30.07,48.6,0.07,9.6,,6.9,10.24,
Mill%20Creek,2023-06-21,51.1,57.7,68.0,30.23,50.4,0.07,10.0,,3.91,8.06,
Mill%20Creek,2023-06-22,51.1,59.5,73.0,30.09,49.9,0.0,9.6,,5.87,10.24,18.3
Mill%20Creek,2023-06-23,51.1,64.8,78.1,29.93,50.7,0.0,10.0,,4.6,9.21,
Mill%20Creek,2023-06-24,52.0,57.6,78.1,30.08,48.4,0.0,10.0,,7.25,14.96,27.73
Mill%20Creek,2023-06-25,51.1,58.9,73.9,30.10,50.3,0.0,7.6,,5.52,10.24,18.3
Mill%20Creek,2023-06-26,51.1,61.0,73.9,30.05,51.7,0.0,9.3,,6.1,11.39,
Mill%20Creek,2023-06-27,52.0,60.3,73.9,29.96,52.2,0.0,10.0,,5.87,10.24,
Mill%20Creek,2023-06-28,53.1,64.5,79.0,29.97,53.3,0.0,10.0,,4.14,10.24,
Mill%20Creek,2023-06-29,55.0,65.5,79.0,30.05,53.7,0.0,10.0,,5.52,11.39,18.3
Mill%20Creek,2023-06-30,55.9,63.3,78.1,30.09,54.0,0.0,10.0,,7.36,11.39,23.02
Mill%20Creek,2023-07-01,53.1,61.7,73.0,30.15,46.3,0.0,10.0,,8.63,14.96,25.32
Mill%20Creek,2023-07-02,51.1,61.4,75.0,30.16,49.0,0.0,10.0,,7.25,12.77,20.83
Mill%20Creek,2023-07-03,51.1,65.3,77.0,30.07,47.8,0.0,10.0,,6.9,10.24,18.3
Mill%20Creek,2023-07-04,54.0,69.1,82.0,30.06,48.2,0.0,10.0,,5.75,10.24,18.3
Mill%20Creek,2023-07-05,59.0,73.8,87.1,29.98,48.3,0.0,10.0,,4.26,8.06,
Mill%20Creek,2023-07-06,57.0,71.6,87.1,29.90,51.1,0.0,10.0,,5.18,9.21,
Mill%20Creek,2023-07-07,55.0,63.5,84.0,29.89,52.7,0.0,10.0,,6.67,13.81,19.68
Mill%20Creek,2023-07-08,54.0,61.1,73.0,29.94,51.3,0.0,10.0,,6.56,12.77,
Mill%20Creek,2023-07-09,52.0,61.7,73.9,29.94,49.8,0.0,10.0,,5.52,9.21,
Mill%20Creek,2023-07-10,52.0,59.5,73.9,30.00,49.2,0.0,10.0,,7.36,12.77,20.83
Mill%20Creek,2023-07-11,53.1,62.4,73.9,30.10,50.2,0.0,10.0,,5.41,9.21,
Mill%20Creek,2023-07-12,53.1,61.0,75.0,30.06,51.8,0.0,10.0,,6.44,12.77,
Mill%20Creek,2023-07-13,53.1,62.0,75.9,30.11,50.6,0.0,10.0,,5.52,9.21,
Mill%20Creek,2023-07-14,53.1,65.7,80.1,30.14,51.6,0.0,10.0,,6.21,10.24,18.3
Mill%20Creek,2023-07-15,55.9,69.5,81.0,30.10,49.9,0.0,10.0,,6.33,10.24,
Mill%20Creek,2023-07-16,57.9,65.9,81.0,30.04,52.8,0.0,10.0,,6.44,11.39,24.17
Mill%20Creek,2023-07-17,57.0,62.6,75.9,30.04,53.4,0.0,9.5,,7.48,14.96,24.17
Mill%20Creek,2023-07-18,55.0,62.8,75.9,30.17,51.0,0.0,10.0,,7.13,11.39,19.68
Mill%20Creek,2023-07-19,55.0,67.5,82.9,30.11,51.0,0.0,10.0,,6.67,9.21,20.83
Mill%20Creek,2023-07-20,57.0,71.1,84.0,30.06,52.0,0.0,10.0,,5.64,10.24,19.68
Mill%20Creek,2023-07-21,57.0,64.6,82.0,30.11,55.1,0.0,10.0,,5.75,10.24,
Mill%20Creek,2023-07-22,57.0,64.0,77.0,30.08,55.1,0.0,9.7,,7.13,12.77,18.3
Mill%20Creek,2023-07-23,57.0,65.7,78.1,30.01,51.6,0.0,10.0,,7.02,12.77,20.83
Mill%20Creek,2023-07-24,57.0,62.7,78.1,29.97,51.8,0.0,10.0,,9.67,18.3,31.07
Mill%20Creek,2023-07-25,55.9,61.8,73.0,30.15,54.5,0.29,8.3,,8.86,17.26,25.32
Mill%20Creek,2023-07-26,54.0,61.0,73.0,30.18,51.7,0.0,10.0,,8.06,11.39,18.3
Mill%20Creek,2023-07-27,54.0,64.2,77.0,30.07,51.1,0.0,10.0,,5.75,11.39,18.3
Mill%20Creek,2023-07-28,55.0,64.7,77.0,30.07,52.5,0.0,10.0,,6.1,8.06,
Mill%20Creek,2023-07-29,55.0,62.1,73.0,30.09,52.2,0.0,10.0,,6.1,11.39,17.26
Mill%20Creek,2023-07-30,55.0,62.5,73.0,30.14,51.0,0.0,10.0,,5.75,9.21,18.3
Mill%20Creek,2023-07-31,55.9,63.1,73.0,30.15,50.7,0.0,10.0,,6.56,10.24,17.26
Mill%20Creek,2023-08-01,55.9,64.6,75.9,30.12,52.8,0.0,10.0,,6.79,11.39,17.26
Mill%20Creek,2023-08-02,57.9,66.9,75.9,30.06,49.2,0.0,10.0,,7.48,13.81,24.17
Mill%20Creek,2023-08-03,57.0,66.8,80.1,30.09,54.2,0.0,10.0,,5.29,11.39,17.26
Mill%20Creek,2023-08-04,57.0,67.3,80.1,30.14,52.2,0.0,10.0,,6.33,11.39,
Mill%20Creek,2023-08-05,59.0,66.4,77.0,30.15,55.9,0.0,10.0,,4.37,10.24,19.68
Mill%20Creek,2023-08-06,61.0,67.5,75.9,30.17,57.9,0.0,10.0,,3.34,9.21,
Mill%20Creek,2023-08-07,61.0,65.4,75.9,30.16,59.1,0.06,8.9,,4.72,9.21,
Mill%20Creek,2023-08-08,60.1,65.8,75.0,30.06,57.0,0.0,10.0,,6.33,11.39,20.83
Mill%20Creek,2023-08-09,60.1,64.5,75.0,29.92,56.8,0.0,8.2,,6.1,11.39,
Mill%20Creek,2023-08-10,60.1,63.6,73.0,30.00,53.8,0.09,10.0,,4.49,11.39,18.3
Mill%20Creek,2023-08-11,57.9,65.4,75.9,30.05,52.6,0.0,10.0,,4.72,8.06,
Mill%20Creek,2023-08-12,57.9,66.9,79.0,30.16,54.2,0.0,10.0,,7.02,10.24,18.3
Mill%20Creek,2023-08-13,57.9,69.8,84.0,30.16,56.7,0.0,9.9,,7.48,10.24,18.3
Mill%20Creek,2023-08-14,62.1,75.0,87.1,30.04,58.1,0.0,10.0,,7.94,12.77,20.83
Mill%20Creek,2023-08-15,66.0,77.2,91.0,29.98,57.2,0.0,10.0,,7.6,11.39,20.83
Mill%20Creek,2023-08-16,66.0,78.5,91.9,29.99,57.0,0.0,10.0,,4.72,9.21,
Mill%20Creek,2023-08-17,64.0,76.2,91.0,29.86,57.1,0.0,10.0,,4.72,10.24,
Mill%20Creek,2023-08-18,57.9,64.7,89.1,29.86,52.6,0.0,10.0,,7.48,14.96,24.17
Mill%20Creek,2023-08-19,54.0,62.7,73.0,30.00,50.2,0.0,10.0,,6.9,11.39,20.83
Mill%20Creek,2023-08-20,54.0,65.2,75.0,29.92,49.6,0.0,8.0,,5.87,9.21,18.3
Mill%20Creek,2023-08-21,53.6,62.2,73.9,29.85,49.8,0.0,8.3,,5.29,10.24,
Mill%20Creek,2023-08-22,54.0,60.3,73.0,29.98,48.4,0.0,10.0,,7.94,12.77,21.86
Mill%20Creek,2023-08-23,54.0,63.3,73.0,30.09,51.5,0.01,9.9,,5.75,10.24,
Mill%20Creek,2023-08-24,55.0,61.8,73.9,30.10,52.1,0.0,8.8,,6.9,11.39,20.83
Mill%20Creek,2023-08-25,55.0,66.8,82.0,29.99,51.8,0.0,10.0,,6.56,13.81,18.3
Mill%20Creek,2023-08-26,59.0,68.5,82.9,30.02,52.6,0.0,8.1,,5.52,10.24,18.3
Mill%20Creek,2023-08-27,59.0,72.2,84.0,30.02,50.8,0.0,8.7,,2.88,6.9,
Mill%20Creek,2023-08-28,57.9,63.5,84.0,30.08,55.6,0.0,8.2,,4.37,8.06,
Mill%20Creek,2023-08-29,57.9,62.0,66.0,30.10,56.2,0.0,8.4,,4.37,9.21,
Mill%20Creek,2023-08-30,59.0,62.1,72.0,30.12,56.9,0.6,8.5,,3.68,8.06,
Mill%20Creek,2023-08-31,59.0,63.3,72.0,29.96,55.4,0.02,9.2,,3.68,10.24,20.83
Mill%20Creek,2023-09-01,57.0,62.3,75.0,29.88,54.2,0.0,8.6,,7.02,10.24,19.68
Mill%20Creek,2023-09-02,57.0,68.8,82.9,29.93,54.3,0.0,10.0,,3.68,8.06,
Mill%20Creek,2023-09-03,60.1,68.1,82.9,29.92,55.7,0.0,10.0,,9.09,19.68,26.35
Mill%20Creek,2023-09-04,55.0,58.4,69.1,30.03,53.2,0.03,7.2,,6.33,14.96,
Mill%20Creek,2023-09-05,54.0,59.6,66.9,30.04,50.4,0.0,10.0,,4.03,8.06,
Mill%20Creek,2023-09-06,52.0,61.1,71.1,29.98,48.3,0.0,10.0,,4.49,9.21,
Mill%20Creek,2023-09-07,52.0,60.0,71.1,30.02,52.1,0.0,8.8,,4.6,8.06,
Mill%20Creek,2023-09-08,53.1,60.5,71.1,30.11,50.6,0.0,9.6,,4.14,8.06,
Mill%20Creek,2023-09-09,53.1,62.2,75.9,30.13,50.7,0.0,10.0,,4.72,6.9,
Mill%20Creek,2023-09-10,53.1,66.7,81.0,30.06,51.8,0.0,10.0,,4.14,10.24,
Mill%20Creek,2023-09-11,55.9,64.5,81.0,30.07,51.9,0.0,10.0,,3.91,9.21,
Mill%20Creek,2023-09-12,55.9,61.2,68.0,30.06,49.1,0.0,10.0,,4.83,11.39,
Mill%20Creek,2023-09-13,55.0,62.7,72.0,30.16,53.4,0.01,10.0,,3.22,8.06,
Mill%20Creek,2023-09-14,55.0,62.3,73.9,30.13,53.2,0.0,8.5,,5.87,9.21,
Mill%20Creek,2023-09-15,54.0,65.0,80.1,30.01,52.3,0.0,9.9,,3.8,8.06,
Mill%20Creek,2023-09-16,54.0,62.8,80.1,29.96,50.3,0.0,10.0,,5.87,10.24,
Mill%20Creek,2023-09-17,54.0,58.8,72.0,30.02,47.7,0.0,10.0,,6.56,11.39,24.17
Mill%20Creek,2023-09-18,55.0,61.9,68.0,30.03,46.1,0.0,10.0,,7.48,12.77,21.86
Mill%20Creek,2023-09-19,53.1,57.4,66.9,30.10,42.4,0.0,10.0,,5.29,13.81,20.83
Mill%20Creek,2023-09-20,51.1,55.9,66.9,30.03,48.4,0.4,9.4,,8.17,17.26,25.32
Mill%20Creek,2023-09-21,48.0,56.2,66.9,30.11,46.2,0.01,9.6,,4.83,11.39,
Mill%20Creek,2023-09-22,48.0,60.7,75.0,30.01,46.4,0.0,10.0,,2.76,6.9,
Mill%20Creek,2023-09-23,50.0,61.5,75.0,29.92,47.7,0.0,9.7,,10.24,17.26,27.73
Mill%20Creek,2023-09-24,51.1,57.5,64.9,29.95,49.8,0.06,10.0,,5.29,11.39,
Mill%20Creek,2023-09-25,51.1,58.9,64.9,29.78,53.4,0.58,8.7,,10.59,14.96,26.35
Mill%20Creek,2023-09-26,53.1,56.7,63.0,29.92,50.9,0.67,8.8,,12.43,18.3,27.73
Mill%20Creek,2023-09-27,52.0,54.5,63.0,29.91,49.3,0.21,8.6,,8.06,16.11,23.02
Mill%20Creek,2023-09-28,52.0,54.7,57.9,30.05,49.9,0.3,9.1,,6.1,11.39,
Mill%20Creek,2023-09-29,44.6,51.2,57.0,29.99,44.9,0.15,9.3,,5.41,11.39,21.86
Mill%20Creek,2023-09-30,45.0,52.0,62.1,30.00,45.2,0.0,9.9,,4.83,10.24,
Mill%20Creek,2024-06-01,48.9,57.7,66.9,29.98,46.7,0.0,9.8,,4.14,9.21,
Mill%20Creek,2024-06-02,51.1,58.2,64.0,29.83,51.7,0.04,9.1,,9.55,23.02,33.26
Mill%20Creek,2024-06-03,52.0,57.3,63.0,29.65,48.9,0.61,9.4,,20.83,31.07,49.37
Mill%20Creek,2024-06-04,51.1,55.2,63.0,29.89,47.7,0.17,8.0,,17.26,27.73,41.31
Mill%20Creek,2024-06-05,51.1,56.5,66.0,30.17,43.4,0.16,10.0,,5.98,9.21,
Mill%20Creek,2024-06-06,48.9,57.6,69.1,30.15,45.1,0.0,10.0,,7.13,11.39,19.68
Mill%20Creek,2024-06-07,48.9,61.0,73.0,30.05,44.9,0.0,10.0,,7.6,11.39,18.3
Mill%20Creek,2024-06-08,52.0,67.0,75.0,29.91,46.3,0.0,10.0,,3.68,9.21,
Mill%20Creek,2024-06-09,55.0,63.1,75.0,29.97,48.7,0.0,10.0,,5.64,13.81,
Mill%20Creek,2024-06-10,53.1,56.9,72.0,30.12,49.4,0.0,10.0,,7.13,11.39,17.26
Mill%20Creek,2024-06-11,53.1,61.3,71.1,30.00,48.5,0.0,10.0,,8.63,23.02,33.26
Mill%20Creek,2024-06-12,51.1,55.9,68.0,30.21,44.7,0.0,10.0,,8.52,11.39,21.86
Mill%20Creek,2024-06-13,46.9,56.7,66.9,30.13,44.8,0.0,10.0,,5.98,11.39,
Mill%20Creek,2024-06-14,46.9,56.4,66.9,30.11,43.3,0.0,10.0,,9.9,13.81,24.17
Mill%20Creek,2024-06-15,48.2,53.2,63.0,30.06,46.3,0.38,8.8,,6.44,16.11,23.02
Mill%20Creek,2024-06-16,46.0,51.3,60.1,30.10,44.0,0.69,10.0,,5.87,10.24,18.3
Mill%20Creek,2024-06-17,46.0,54.2,60.1,30.02,47.0,0.11,9.8,,4.95,9.21,
Mill%20Creek,2024-06-18,51.1,56.9,66.9,30.07,46.9,0.02,10.0,,4.72,8.06,
Mill%20Creek,2024-06-19,51.1,60.8,73.0,30.01,49.2,0.0,10.0,,6.1,9.21,
Mill%20Creek,2024-06-20,51.1,66.1,79.0,30.00,50.5,0.0,10.0,,7.02,10.24,20.83
Mill%20Creek,2024-06-21,55.0,69.5,82.0,29.96,48.3,0.0,10.0,,4.6,9.21,
Mill%20Creek,2024-06-22,57.0,64.9,82.0,29.91,48.0,0.0,10.0,,5.87,10.24,
Mill%20Creek,2024-06-23,55.0,58.9,70.0,29.98,51.3,0.0,9.8,,6.1,9.21,
Mill%20Creek,2024-06-24,53.6,58.7,66.9,30.09,50.8,0.02,9.9,,4.37,6.9,
Mill%20Creek,2024-06-25,53.1,61.7,73.9,30.01,49.8,0.0,10.0,,5.87,8.06,
Mill%20Creek,2024-06-26,53.1,63.6,75.0,29.89,50.9,0.0,10.0,,7.94,20.83,27.73
Mill%20Creek,2024-06-27,54.0,56.6,69.1,30.02,52.7,0.3,5.9,,5.06,8.06,
Mill%20Creek,2024-06-28,54.0,58.6,70.0,30.06,49.0,0.25,10.0,,4.6,10.24,
Mill%20Creek,2024-06-29,55.0,63.9,72.0,30.03,51.4,0.0,10.0,,4.6,8.06,
Mill%20Creek,2024-06-30,57.0,64.0,73.0,30.10,56.9,0.01,7.5,,2.42,5.87,
Mill%20Creek,2024-07-01,60.1,64.1,73.0,30.15,56.1,0.03,9.8,,5.18,9.21,
Mill%20Creek,2024-07-02,54.0,60.2,71.1,30.21,50.7,0.02,10.0,,7.36,12.77,18.3
Mill%20Creek,2024-07-03,54.0,61.0,73.0,30.27,51.3,0.0,10.0,,6.56,12.77,19.68
Mill%20Creek,2024-07-04,55.0,65.8,79.0,30.26,52.1,0.0,10.0,,6.1,10.24,19.68
Mill%20Creek,2024-07-05,55.9,71.2,84.0,30.19,51.6,0.0,10.0,,4.49,10.24,18.3
Mill%20Creek,2024-07-06,60.1,74.5,84.9,30.05,51.1,0.0,10.0,,4.6,9.21,
Mill%20Creek,2024-07-07,62.1,75.9,89.1,29.97,53.5,0.0,10.0,,4.49,6.9,
Mill%20Creek,2024-07-08,62.1,79.2,89.1,29.96,52.7,0.0,10.0,,4.03,8.06,
Mill%20Creek,2024-07-09,66.0,78.7,93.0,29.89,54.8,0.0,10.0,,4.03,6.9,
Mill%20Creek,2024-07-10,63.0,74.8,93.0,29.96,50.2,0.0,10.0,,6.21,12.77,23.02
Mill%20Creek,2024-07-11,57.0,66.2,81.0,30.11,52.6,0.0,10.0,,7.94,11.39,19.68
Mill%20Creek,2024-07-12,55.0,66.2,79.0,30.09,53.2,0.0,10.0,,5.64,9.21,
Mill%20Creek,2024-07-13,59.0,70.6,82.9,30.02,55.4,0.0,10.0,,4.37,9.21,18.3
Mill%20Creek,2024-07-14,59.0,71.8,82.9,30.01,54.9,0.0,10.0,,5.41,9.21,
Mill%20Creek,2024-07-15,55.4,64.3,75.9,30.09,54.6,0.0,9.9,,6.44,9.21,17.26
Mill%20Creek,2024-07-16,55.9,68.3,84.9,30.03,55.9,0.0,8.9,,4.95,8.06,
Mill%20Creek,2024-07-17,57.0,74.8,84.9,29.95,57.7,0.0,10.0,,4.26,9.21,
Mill%20Creek,2024-07-18,60.1,69.0,84.0,30.05,55.7,0.0,10.0,,6.9,11.39,
Mill%20Creek,2024-07-19,57.9,67.2,82.0,30.15,54.8,0.0,10.0,,6.1,11.39,19.68
Mill%20Creek,2024-07-20,57.9,69.3,82.0,30.15,55.2,0.0,10.0,,5.98,9.21,
Mill%20Creek,2024-07-21,57.9,65.5,82.0,30.06,55.8,0.0,10.0,,6.1,10.24,21.86
Mill%20Creek,2024-07-22,57.0,61.4,73.9,30.11,53.8,0.0,10.0,,6.1,11.39,18.3
Mill%20Creek,2024-07-23,55.9,61.3,73.0,30.19,50.6,0.05,9.0,,7.13,11.39,18.3
Mill%20Creek,2024-07-24,55.0,63.3,73.0,30.10,48.1,0.0,10.0,,5.75,14.96,20.83
Mill%20Creek,2024-07-25,55.0,61.9,73.0,30.17,50.7,0.08,10.0,,5.87,9.21,
Mill%20Creek,2024-07-26,54.0,62.4,73.9,30.14,50.6,0.0,10.0,,7.02,10.24,17.26
Mill%20Creek,2024-07-27,54.0,64.8,75.9,29.92,50.6,0.0,10.0,,4.49,10.24,
Mill%20Creek,2024-07-28,55.9,62.9,77.0,29.90,52.4,0.0,10.0,,7.71,13.81,23.02
Mill%20Creek,2024-07-29,55.9,64.7,70.0,29.90,56.7,0.0,8.6,,9.67,17.26,24.17
Mill%20Creek,2024-07-30,61.0,66.6,73.9,29.97,60.1,0.16,8.7,,9.67,14.96,21.86
Mill%20Creek,2024-07-31,60.1,67.0,75.0,30.05,57.8,0.0,10.0,,5.87,13.81,
Mill%20Creek,2024-08-01,59.0,67.7,82.0,30.06,58.0,0.0,10.0,,7.13,11.39,21.86
Mill%20Creek,2024-08-02,59.0,74.8,82.9,30.07,60.2,0.0,10.0,,2.99,6.9,
Mill%20Creek,2024-08-03,59.0,68.0,82.9,30.08,55.7,0.0,9.6,,4.95,9.21,
Mill%20Creek,2024-08-04,59.0,70.3,84.9,29.96,56.8,0.0,10.0,,4.83,12.77,19.68
Mill%20Creek,2024-08-05,57.9,67.0,86.0,29.97,55.7,0.0,9.5,,5.87,11.39,
Mill%20Creek,2024-08-06,55.9,61.9,77.0,30.11,53.3,0.0,10.0,,6.67,12.77,19.68
Mill%20Creek,2024-08-07,55.9,62.9,75.9,30.17,54.3,0.0,7.7,,6.33,10.24,
Mill%20Creek,2024-08-08,57.0,69.3,82.9,30.01,56.9,0.0,10.0,,4.72,10.24,
Mill%20Creek,2024-08-09,59.0,73.0,82.9,29.95,58.3,0.0,10.0,,3.45,6.9,
Mill%20Creek,2024-08-10,60.8,68.9,81.0,29.99,57.6,0.0,9.1,,4.95,10.24,
Mill%20Creek,2024-08-11,60.1,64.8,79.0,30.02,56.7,0.0,9.6,,5.87,10.24,
Mill%20Creek,2024-08-12,59.0,64.3,70.0,29.97,52.6,0.0,10.0,,6.44,13.81,20.83
Mill%20Creek,2024-08-13,57.9,63.1,71.1,30.01,54.0,0.0,10.0,,5.87,10.24,
Mill%20Creek,2024-08-14,59.0,65.3,75.9,30.10,55.1,0.0,10.0,,4.95,9.21,
Mill%20Creek,2024-08-15,57.2,65.1,75.9,30.09,54.7,0.0,10.0,,5.41,10.24,17.26
Mill%20Creek,2024-08-16,57.0,63.1,75.9,30.05,52.8,0.0,10.0,,5.98,9.21,17.26
Mill%20Creek,2024-08-17,57.0,65.1,77.0,29.91,54.7,0.0,10.0,,6.67,11.39,19.68
Mill%20Creek,2024-08-18,57.0,69.6,80.1,29.91,57.9,0.85,8.8,,10.7,20.83,31.07
Mill%20Creek,2024-08-19,57.0,66.2,80.1,30.04,52.6,0.09,9.5,,8.63,20.83,34.41
Mill%20Creek,2024-08-20,57.0,65.5,78.1,30.10,54.4,0.0,9.9,,9.67,11.39,19.68
Mill%20Creek,2024-08-21,60.1,64.9,71.1,30.06,54.7,0.03,10.0,,8.63,14.96,17.26
Mill%20Creek,2024-08-22,60.1,64.6,70.0,29.93,55.1,0.0,10.0,,4.14,6.9,
Mill%20Creek,2024-08-23,57.0,60.5,69.1,29.82,56.0,0.14,5.0,,3.91,11.39,
Mill%20Creek,2024-08-24,57.0,57.8,61.0,29.95,54.1,0.82,4.8,,11.28,16.11,27.73
Mill%20Creek,2024-08-25,57.0,62.5,72.0,30.22,54.8,0.53,9.8,,6.44,10.24,
Mill%20Creek,2024-08-26,55.9,63.5,73.0,30.20,54.0,0.0,10.0,,3.68,6.9,
Mill%20Creek,2024-08-27,55.0,61.7,71.1,30.15,51.5,0.26,9.5,,6.44,12.77,21.86
Mill%20Creek,2024-08-28,50.0,58.1,66.9,30.28,47.1,0.02,10.0,,5.87,10.24,
Mill%20Creek,2024-08-29,50.0,61.5,73.9,30.19,51.2,0.0,10.0,,6.21,10.24,17.26
Mill%20Creek,2024-08-30,55.0,66.8,79.0,30.09,55.2,0.0,10.0,,5.75,9.21,
Mill%20Creek,2024-08-31,59.0,69.1,80.1,30.05,57.8,0.0,10.0,,4.6,8.06,
Mill%20Creek,2024-09-01,61.0,71.3,82.0,29.92,58.9,0.0,10.0,,3.8,6.9,
Mill%20Creek,2024-09-02,61.0,65.8,82.0,29.93,57.3,0.0,10.0,,6.1,11.39,
Mill%20Creek,2024-09-03,59.0,64.3,70.0,30.12,56.8,0.0,10.0,,5.29,8.06,
Mill%20Creek,2024-09-04,57.9,63.4,77.0,30.19,57.1,0.0,5.7,,4.49,10.24,
Mill%20Creek,2024-09-05,57.9,70.5,86.0,30.14,58.3,0.0,10.0,,4.49,6.9,
Mill%20Creek,2024-09-06,60.1,73.2,86.0,30.02,59.1,0.0,10.0,,4.72,10.24,
Mill%20Creek,2024-09-07,63.0,69.9,82.9,29.93,57.4,0.0,10.0,,4.95,9.21,17.26
Mill%20Creek,2024-09-08,61.0,67.3,75.9,29.87,58.5,0.0,10.0,,4.37,9.21,
Mill%20Creek,2024-09-09,60.1,64.6,75.0,29.96,57.4,0.0,10.0,,5.64,8.06,
Mill%20Creek,2024-09-10,57.9,63.6,71.1,29.93,55.8,0.0,9.2,,3.45,9.21,
Mill%20Creek,2024-09-11,55.9,60.0,71.1,29.77,53.2,0.04,9.9,,5.41,10.24,
Mill%20Creek,2024-09-12,54.0,59.9,69.1,29.91,53.4,0.03,9.7,,3.22,8.06,
Mill%20Creek,2024-09-13,54.0,60.1,69.1,30.01,52.4,0.0,10.0,,5.98,8.06,
Mill%20Creek,2024-09-14,54.0,59.2,64.0,29.93,55.0,0.12,7.8,,5.18,10.24,
